{"cameraMode":{"drawMode":0,"name":"Shaded","section":"Shading Mode"},"sceneLighting":true,"audioPlay":false,"sceneViewState":{"m_AlwaysRefresh":false,"showFog":true,"showSkybox":true,"showFlares":true,"showImageEffects":true,"showParticleSystems":true,"showVisualEffectGraphs":true,"m_FxEnabled":true},"in2DMode":false,"pivot":{"x":-0.4140626788139343,"y":-0.026845764368772508,"z":-0.1425093412399292},"rotation":{"x":0.00037290604086592793,"y":0.9994651675224304,"z":-0.01230375375598669,"w":0.030294151976704599},"size":0.41104522347450259,"orthographic":false}